Date,Source,Destination,Airline,Departure_Time,Arrival_Time,Price,Stops
2026-02-10,AMD,DEL,IndiGo,2026-02-10 04:45,2026-02-10 06:20,5315,Non-stop
2026-02-10,AMD,DEL,SpiceJet,2026-02-10 06:10,2026-02-10 07:40,5921,Non-stop
2026-02-10,AMD,DEL,SpiceJet,2026-02-10 19:40,2026-02-10 21:30,6150,Non-stop
2026-02-10,AMD,DEL,Air India,2026-02-10 14:00,2026-02-10 15:35,6949,Non-stop
2026-02-10,AMD,DEL,IndiGo,2026-02-10 05:45,2026-02-10 07:20,6628,Non-stop
2026-02-10,AMD,DEL,IndiGo,2026-02-10 21:15,2026-02-10 22:45,6628,Non-stop
2026-02-10,AMD,DEL,IndiGo,2026-02-10 19:50,2026-02-10 21:25,6890,Non-stop
2026-02-10,AMD,DEL,Air India,2026-02-10 16:00,2026-02-10 17:45,6949,Non-stop
2026-02-10,AMD,DEL,IndiGo,2026-02-10 14:05,2026-02-10 15:40,7310,Non-stop
2026-02-10,AMD,DEL,Air India,2026-02-10 06:35,2026-02-10 08:15,7631,Non-stop
2026-02-10,AMD,DEL,IndiGo,2026-02-10 23:15,2026-02-11 00:45,7730,Non-stop
2026-02-10,AMD,DEL,IndiGo,2026-02-10 11:35,2026-02-10 13:25,8255,Non-stop
2026-02-10,AMD,DEL,IndiGo,2026-02-10 17:45,2026-02-10 19:20,8255,Non-stop
2026-02-10,AMD,DEL,Air India,2026-02-10 21:35,2026-02-10 23:35,8476,Non-stop
2026-02-10,AMD,DEL,Air India,2026-02-10 19:00,2026-02-10 20:40,8623,Non-stop
2026-02-10,AMD,DEL,Air India,2026-02-10 20:30,2026-02-10 22:20,8623,Non-stop
2026-02-10,AMD,DEL,IndiGo,2026-02-10 07:00,2026-02-10 08:25,9673,Non-stop
2026-02-10,AMD,DEL,Air India,2026-02-10 09:50,2026-02-10 11:35,10687,Non-stop
2026-02-10,AMD,DEL,Air India,2026-02-10 23:00,2026-02-11 00:45,12083,Non-stop
2026-02-10,AMD,DEL,Air India,2026-02-10 08:30,2026-02-10 10:20,13611,Non-stop
2026-02-11,AMD,DEL,IndiGo,2026-02-11 04:45,2026-02-11 06:20,5315,Non-stop
2026-02-11,AMD,DEL,IndiGo,2026-02-11 23:15,2026-02-12 00:45,5315,Non-stop
2026-02-11,AMD,DEL,SpiceJet,2026-02-11 06:10,2026-02-11 07:40,5579,Non-stop
2026-02-11,AMD,DEL,IndiGo,2026-02-11 05:45,2026-02-11 07:20,6103,Non-stop
2026-02-11,AMD,DEL,IndiGo,2026-02-11 21:15,2026-02-11 22:45,6103,Non-stop
2026-02-11,AMD,DEL,SpiceJet,2026-02-11 19:40,2026-02-11 21:30,6377,Non-stop
2026-02-11,AMD,DEL,Air India,2026-02-11 21:35,2026-02-11 23:35,6949,Non-stop
2026-02-11,AMD,DEL,Air India,2026-02-11 23:00,2026-02-12 00:45,6949,Non-stop
2026-02-11,AMD,DEL,Air India,2026-02-11 20:30,2026-02-11 22:20,7064,Non-stop
2026-02-11,AMD,DEL,IndiGo,2026-02-11 19:50,2026-02-11 21:25,7573,Non-stop
2026-02-11,AMD,DEL,Air India,2026-02-11 15:05,2026-02-11 16:50,7631,Non-stop
2026-02-11,AMD,DEL,Air India,2026-02-11 16:00,2026-02-11 17:45,7951,Non-stop
2026-02-11,AMD,DEL,Air India,2026-02-11 06:35,2026-02-11 08:15,8476,Non-stop
2026-02-11,AMD,DEL,IndiGo,2026-02-11 11:35,2026-02-11 13:25,9935,Non-stop
2026-02-11,AMD,DEL,Air India,2026-02-11 08:30,2026-02-11 10:20,10687,Non-stop
2026-02-11,AMD,DEL,IndiGo,2026-02-11 07:00,2026-02-11 08:25,10723,Non-stop
2026-02-11,AMD,DEL,IndiGo,2026-02-11 17:45,2026-02-11 19:20,10985,Non-stop
2026-02-11,AMD,DEL,Air India,2026-02-11 09:50,2026-02-11 11:35,13611,Non-stop
2026-02-11,AMD,DEL,Air India,2026-02-11 19:00,2026-02-11 20:40,13611,Non-stop
2026-02-12,AMD,DEL,IndiGo,2026-02-12 04:45,2026-02-12 06:20,4694,Non-stop
2026-02-12,AMD,DEL,IndiGo,2026-02-12 21:15,2026-02-12 22:45,4844,Non-stop
2026-02-12,AMD,DEL,SpiceJet,2026-02-12 06:10,2026-02-12 07:40,5579,Non-stop
2026-02-12,AMD,DEL,IndiGo,2026-02-12 23:15,2026-02-13 00:45,4994,Non-stop
2026-02-12,AMD,DEL,IndiGo,2026-02-12 17:45,2026-02-12 19:20,5420,Non-stop
2026-02-12,AMD,DEL,IndiGo,2026-02-12 19:50,2026-02-12 21:25,5420,Non-stop
2026-02-12,AMD,DEL,IndiGo,2026-02-12 05:45,2026-02-12 07:20,5578,Non-stop
2026-02-12,AMD,DEL,IndiGo,2026-02-12 14:05,2026-02-12 15:40,5578,Non-stop
2026-02-12,AMD,DEL,SpiceJet,2026-02-12 19:40,2026-02-12 21:30,5579,Non-stop
2026-02-12,AMD,DEL,Air India,2026-02-12 14:00,2026-02-12 15:35,5993,Non-stop
2026-02-12,AMD,DEL,Air India,2026-02-12 06:35,2026-02-12 08:15,6418,Non-stop
2026-02-12,AMD,DEL,Air India,2026-02-12 23:00,2026-02-13 00:45,6418,Non-stop
2026-02-12,AMD,DEL,Air India,2026-02-12 20:30,2026-02-12 22:20,6523,Non-stop
2026-02-12,AMD,DEL,IndiGo,2026-02-12 07:00,2026-02-12 08:25,6628,Non-stop
2026-02-12,AMD,DEL,IndiGo,2026-02-12 11:35,2026-02-12 13:25,6890,Non-stop
2026-02-12,AMD,DEL,Air India,2026-02-12 08:30,2026-02-12 10:20,6949,Non-stop
2026-02-12,AMD,DEL,Air India,2026-02-12 21:35,2026-02-12 23:35,6949,Non-stop
2026-02-12,AMD,DEL,Air India,2026-02-12 16:00,2026-02-12 17:45,7237,Non-stop
2026-02-12,AMD,DEL,Air India,2026-02-12 09:50,2026-02-12 11:35,7951,Non-stop
2026-02-12,AMD,DEL,Air India,2026-02-12 19:00,2026-02-12 20:40,8623,Non-stop
2026-02-13,AMD,DEL,IndiGo,2026-02-13 04:45,2026-02-13 06:20,4394,Non-stop
2026-02-13,AMD,DEL,IndiGo,2026-02-13 23:15,2026-02-14 00:45,4394,Non-stop
2026-02-13,AMD,DEL,IndiGo,2026-02-13 14:05,2026-02-13 15:40,4494,Non-stop
2026-02-13,AMD,DEL,SpiceJet,2026-02-13 06:10,2026-02-13 07:40,5159,Non-stop
2026-02-13,AMD,DEL,IndiGo,2026-02-13 05:45,2026-02-13 07:20,4494,Non-stop
2026-02-13,AMD,DEL,IndiGo,2026-02-13 21:15,2026-02-13 22:45,4494,Non-stop
2026-02-13,AMD,DEL,SpiceJet,2026-02-13 19:40,2026-02-13 21:30,5159,Non-stop
2026-02-13,AMD,DEL,Air India,2026-02-13 12:05,2026-02-13 13:50,5300,Non-stop
2026-02-13,AMD,DEL,IndiGo,2026-02-13 07:00,2026-02-13 08:25,5578,Non-stop
2026-02-13,AMD,DEL,Air India,2026-02-13 14:00,2026-02-13 15:35,5657,Non-stop
2026-02-13,AMD,DEL,Air India,2026-02-13 21:35,2026-02-13 23:35,5657,Non-stop
2026-02-13,AMD,DEL,IndiGo,2026-02-13 19:50,2026-02-13 21:25,5840,Non-stop
2026-02-13,AMD,DEL,Air India,2026-02-13 23:00,2026-02-14 00:45,5993,Non-stop
2026-02-13,AMD,DEL,Air India,2026-02-13 20:30,2026-02-13 22:20,6088,Non-stop
2026-02-13,AMD,DEL,Air India,2026-02-13 16:00,2026-02-13 17:45,6235,Non-stop
2026-02-13,AMD,DEL,IndiGo,2026-02-13 11:35,2026-02-13 13:25,6365,Non-stop
2026-02-13,AMD,DEL,IndiGo,2026-02-13 17:45,2026-02-13 19:20,6365,Non-stop
2026-02-13,AMD,DEL,Air India,2026-02-13 06:35,2026-02-13 08:15,6418,Non-stop
2026-02-13,AMD,DEL,Air India,2026-02-13 08:30,2026-02-13 10:20,6949,Non-stop
2026-02-13,AMD,DEL,Air India,2026-02-13 19:00,2026-02-13 20:40,7757,Non-stop
2026-02-13,AMD,DEL,Air India,2026-02-13 09:50,2026-02-13 11:35,9910,Non-stop
2026-02-14,AMD,DEL,IndiGo,2026-02-14 17:20,2026-02-14 19:00,4194,Non-stop
2026-02-14,AMD,DEL,IndiGo,2026-02-14 19:50,2026-02-14 21:25,4194,Non-stop
2026-02-14,AMD,DEL,SpiceJet,2026-02-14 19:40,2026-02-14 21:30,5159,Non-stop
2026-02-14,AMD,DEL,IndiGo,2026-02-14 21:15,2026-02-14 22:45,4194,Non-stop
2026-02-14,AMD,DEL,IndiGo,2026-02-14 04:45,2026-02-14 06:20,4394,Non-stop
2026-02-14,AMD,DEL,IndiGo,2026-02-14 05:45,2026-02-14 07:20,4494,Non-stop
2026-02-14,AMD,DEL,IndiGo,2026-02-14 17:45,2026-02-14 19:20,4594,Non-stop
2026-02-14,AMD,DEL,IndiGo,2026-02-14 14:05,2026-02-14 15:40,4844,Non-stop
2026-02-14,AMD,DEL,IndiGo,2026-02-14 23:15,2026-02-15 00:45,4994,Non-stop
2026-02-14,AMD,DEL,SpiceJet,2026-02-14 06:10,2026-02-14 07:40,5369,Non-stop
2026-02-14,AMD,DEL,Air India,2026-02-14 16:00,2026-02-14 17:45,5657,Non-stop
2026-02-14,AMD,DEL,Air India,2026-02-14 19:00,2026-02-14 20:40,5746,Non-stop
2026-02-14,AMD,DEL,Air India,2026-02-14 06:35,2026-02-14 08:15,5993,Non-stop
2026-02-14,AMD,DEL,Air India,2026-02-14 14:00,2026-02-14 15:35,5993,Non-stop
2026-02-14,AMD,DEL,Akasa Air,2026-02-14 11:40,2026-02-14 13:25,6031,Non-stop
2026-02-14,AMD,DEL,IndiGo,2026-02-14 07:00,2026-02-14 08:25,6103,Non-stop
2026-02-14,AMD,DEL,IndiGo,2026-02-14 11:35,2026-02-14 13:25,6365,Non-stop
2026-02-14,AMD,DEL,Air India,2026-02-14 21:35,2026-02-14 23:35,6418,Non-stop
2026-02-14,AMD,DEL,Air India,2026-02-14 20:30,2026-02-14 22:20,6523,Non-stop
2026-02-14,AMD,DEL,Air India,2026-02-14 23:00,2026-02-15 00:45,7631,Non-stop
2026-02-14,AMD,DEL,Air India,2026-02-14 08:30,2026-02-14 10:20,12083,Non-stop
2026-02-14,AMD,DEL,Air India,2026-02-14 09:50,2026-02-14 11:35,13611,Non-stop
2026-02-17,AMD,DEL,IndiGo,2026-02-17 04:45,2026-02-17 06:20,4194,Non-stop
2026-02-17,AMD,DEL,Air India,2026-02-17 16:00,2026-02-17 17:45,4303,Non-stop
2026-02-17,AMD,DEL,SpiceJet,2026-02-17 06:10,2026-02-17 07:40,5159,Non-stop
2026-02-17,AMD,DEL,IndiGo,2026-02-17 23:15,2026-02-18 00:45,4394,Non-stop
2026-02-17,AMD,DEL,IndiGo,2026-02-17 05:45,2026-02-17 07:20,4494,Non-stop
2026-02-17,AMD,DEL,IndiGo,2026-02-17 14:05,2026-02-17 15:40,4494,Non-stop
2026-02-17,AMD,DEL,IndiGo,2026-02-17 21:15,2026-02-17 22:45,4494,Non-stop
2026-02-17,AMD,DEL,IndiGo,2026-02-17 19:50,2026-02-17 21:25,4594,Non-stop
2026-02-17,AMD,DEL,IndiGo,2026-02-17 07:00,2026-02-17 08:25,4844,Non-stop
2026-02-17,AMD,DEL,IndiGo,2026-02-17 17:45,2026-02-17 19:20,4994,Non-stop
2026-02-17,AMD,DEL,Air India,2026-02-17 14:00,2026-02-17 15:35,5101,Non-stop
2026-02-17,AMD,DEL,SpiceJet,2026-02-17 19:40,2026-02-17 21:30,5159,Non-stop
2026-02-17,AMD,DEL,Air India,2026-02-17 06:35,2026-02-17 08:15,5300,Non-stop
2026-02-17,AMD,DEL,Air India,2026-02-17 19:00,2026-02-17 20:40,5463,Non-stop
2026-02-17,AMD,DEL,Air India,2026-02-17 08:30,2026-02-17 10:20,5657,Non-stop
2026-02-17,AMD,DEL,Air India,2026-02-17 20:30,2026-02-17 22:20,5746,Non-stop
2026-02-17,AMD,DEL,IndiGo,2026-02-17 11:35,2026-02-17 13:25,5840,Non-stop
2026-02-17,AMD,DEL,Air India,2026-02-17 21:35,2026-02-17 23:35,5993,Non-stop
2026-02-17,AMD,DEL,Air India,2026-02-17 23:00,2026-02-18 00:45,6418,Non-stop
2026-02-17,AMD,DEL,Air India,2026-02-17 09:50,2026-02-17 11:35,7237,Non-stop
